<?xml version="1.0" encoding="UTF-8"?>
<configuration>
	<appender name="STDOUT" class="ch.qos.logback.core.ConsoleAppender">
		<encoder>
			<pattern>%d{yyyy-MM-dd HH:mm:ss.SSS} %-5level %c{36} --- [%thread{15}] %logger{36} : %msg%n</pattern>
		</encoder>
	</appender>
	
	<appender name="SYSLOG" class="ch.qos.logback.classic.net.SyslogAppender">
		<syslogHost>localhost</syslogHost>
		<port>8995</port>
		<facility>USER</facility>
		<suffixPattern>%d{yyyy-MM-dd HH:mm:ss.SSS} %-5level %c{36} --- [%thread{15}] %logger{36} : %msg%n</suffixPattern>
	</appender>
	
	<logger name="com.capgemini.rest" level="debug">
		<appender-ref ref="SYSLOG" />
	</logger>

	<root level="info">
		<appender-ref ref="STDOUT" />
	</root>
</configuration>